Disease name,Mesh id,UMLS id,,
"Abdomen, Acute",D000006,C0000727,,
Abdominal Neoplasms,D000008,C0000735,,
Abdominal Pain,D015746,C0000737,,
"Abnormalities, Drug-Induced",D000014,C0000771,,
"Abortion, Spontaneous",D000022,C0000786,,
"Abortion, Threatened",D000033,C0000821,,
Acid-Base Imbalance,D000137,C0001118,,
Acidosis,D000138,C0001122,,
"Acidosis, Lactic",D000140,C0001125,,
"Acidosis, Renal Tubular",D000141,C0001126,,
Acne Vulgaris,D000152,C0001144,,
Acquired Immunodeficiency Syndrome,D000163,C0001175,,
Acrodermatitis,D000169,C0001197,,
Acromegaly,D000172,C0001206,,
Acute Disease,D000208,C0001314,,
Adams-Stokes Syndrome,D000219,C0001396,,
Addison Disease,D000224,C0001403,,
Adenocarcinoma,D000230,C0001418,,
Adenoma,D000236,C0001430,,
Adenoviridae Infections,D000257,C0001486,,
Tissue Adhesions,D000267,C0001511,,
Adiposis Dolorosa,D000274,C0001529,,
Adrenal Cortex Neoplasms,D000306,C0001618,,
Adrenal Insufficiency,D000309,C0001623,,
Adrenal Gland Neoplasms,D000310,C0001624,,
"Adrenal Hyperplasia, Congenital",D000312,C0001627,,
"Affective Disorders, Psychotic",D000341,C0001723,,
Primary Myelofibrosis,D055728,C0001815,,
Agoraphobia,D000379,C0001818,,
Airway Obstruction,D000402,C0001883,,
Akinetic Mutism,D000405,C0001889,,
Albuminuria,D000419,C0001925,,
Alcohol Withdrawal Delirium,D000430,C0001957,,
Alcoholism,D000437,C0001973,,
Alkalosis,D000471,C0002063,,
Alopecia,D000505,C0002170,,
Alopecia Areata,D000506,C0002171,,
Altitude Sickness,D000532,C0002351,,
Alzheimer Disease,D000544,C0002395,,
Amenorrhea,D000568,C0002453,,
Amnesia,D000647,C0002622,,
Amyloidosis,D000686,C0002726,,
Amyotrophic Lateral Sclerosis,D000690,C0002736,,
Anaphylaxis,D000707,C0002792,,
Anemia,D000740,C0002871,,
"Anemia, Aplastic",D000741,C0002874,,
"Anemia, Hemolytic",D000743,C0002878,,
"Anemia, Hemolytic, Autoimmune",D000744,C0002880,,
"Anemia, Megaloblastic",D000749,C0002888,,
"Anemia, Pernicious",D000752,C0002892,,
"Anemia, Refractory, with Excess of Blasts",D000754,C0002894,,
"Anemia, Sickle Cell",D000755,C0002895,,
"Anemia, Sideroblastic",D000756,C0002896,,
Aneurysm,D000783,C0002940,,
Angina Pectoris,D000787,C0002962,,
"Angina, Unstable",D000789,C0002965,,
Angioedema,D000799,C0002994,,
Anorexia,D000855,C0003123,,
Anorexia Nervosa,D000856,C0003125,,
Anovulation,D000858,C0003128,,
Anoxia,D000860,C0003130,,
Anxiety Disorders,D001008,C0003469,,
Aortic Aneurysm,D001014,C0003486,,
Aortic Diseases,D001018,C0003493,,
Aortic Valve Insufficiency,D001022,C0003504,,
"Aphasia, Broca",D001039,C0003550,,
Apnea,D001049,C0003578,,
"Arrhythmias, Cardiac",D001145,C0003811,,
"Arrhythmia, Sinus",D001146,C0003813,,
Arterial Occlusive Diseases,D001157,C0003838,,
Arteriosclerosis,D001161,C0003850,,
Arthralgia,D018771,C0003862,,
Arthritis,D001168,C0003864,,
"Arthritis, Gouty",D015210,C0003868,,
"Arthritis, Infectious",D001170,C0003869,,
"Arthritis, Psoriatic",D015535,C0003872,,
"Arthritis, Rheumatoid",D001172,C0003873,,
Ascites,D001201,C0003962,,
Asphyxia,D001237,C0004044,,
Asthenia,D001247,C0004093,,
Asthma,D001249,C0004096,,
"Asthma, Exercise-Induced",D001250,C0004099,,
Ataxia,D001259,C0004134,,
Atherosclerosis,D050197,C0004153,,
Athetosis,D001264,C0004158,,
Atrial Fibrillation,D001281,C0004238,,
Atrial Flutter,D001282,C0004239,,
Atrioventricular Block,D054537,C0004245,,
Auditory Perceptual Disorders,D001308,C0004310,,
Autistic Disorder,D001321,C0004352,,
Autoimmune Diseases,D001327,C0004364,,
Back Pain,D001416,C0004604,,
Bacteremia,D016470,C0004610,,
Bacterial Infections,D001424,C0004623,,
Basal Ganglia Diseases,D001480,C0004782,,
Mental Disorders,D001523,C0004936,,
Behcet Syndrome,D001528,C0004943,,
Berylliosis,D001607,C0005138,,
Bile Duct Diseases,D001649,C0005395,,
Bipolar Disorder,D001714,C0005586,,
Urinary Bladder Calculi,D001744,C0005683,,
Urinary Bladder Diseases,D001745,C0005686,,
Urinary Bladder Neck Obstruction,D001748,C0005694,,
Urinary Bladder Neoplasms,D001749,C0005695,,
Blast Crisis,D001752,C0005699,,
Blepharoptosis,D001763,C0005745,,
Blepharospasm,D001764,C0005747,,
Blood Coagulation Disorders,D001778,C0005779,,
Bone Diseases,D001847,C0005940,,
"Bone Diseases, Endocrine",D001849,C0005942,,
"Bone Diseases, Metabolic",D001851,C0005944,,
Bone Neoplasms,D001859,C0005967,,
Bone Resorption,D001862,C0005974,,
Borderline Personality Disorder,D001883,C0006012,,
"Brain Damage, Chronic",D001925,C0006109,,
Brain Diseases,D001927,C0006111,,
"Brain Diseases, Metabolic",D001928,C0006112,,
Brain Neoplasms,D001932,C0006118,,
Breast Diseases,D001941,C0006145,,
Bronchial Diseases,D001982,C0006261,,
Bronchial Spasm,D001986,C0006266,,
Bronchiectasis,D001987,C0006267,,
Bronchiolitis,D001988,C0006271,,
Bronchitis,D001991,C0006277,,
Bronchopneumonia,D001996,C0006285,,
Bronchopulmonary Dysplasia,D001997,C0006287,,
Bruxism,D002012,C0006325,,
Bulimia,D002032,C0006370,,
Burkitt Lymphoma,D002051,C0006413,,
Burns,D002056,C0006434,,
Cachexia,D002100,C0006625,,
Cadmium Poisoning,D002105,C0006635,,
Calcinosis,D002114,C0006663,,
Calcium Metabolism Disorders,D002128,C0006705,,
Carcinoma,D002277,C0007097,,
"Carcinoma, Non-Small-Cell Lung",D002289,C0007131,,
"Carcinoma, Renal Cell",D002292,C0007134,,
"Carcinoma, Squamous Cell",D002294,C0007137,,
"Carcinoma, Transitional Cell",D002295,C0007138,,
"Cardiac Output, Low",D002303,C0007166,,
"Cardiomyopathy, Alcoholic",D002310,C0007192,,
"Cardiomyopathy, Dilated",D002311,C0007193,,
"Cardiomyopathy, Hypertrophic",D002312,C0007194,,
Cardiovascular Diseases,D002318,C0007222,,
Carotid Artery Diseases,D002340,C0007273,,
Carotid Artery Thrombosis,D002341,C0007274,,
Carotid Stenosis,D016893,C0007282,,
Catalepsy,D002375,C0007370,,
Cataplexy,D002385,C0007384,,
Catatonia,D002389,C0007398,,
Cattle Diseases,D002418,C0007453,,
Causalgia,D002422,C0007462,,
Celiac Disease,D002446,C0007570,,
"Cell Transformation, Neoplastic",D002471,C0007621,,
Cellulitis,D002481,C0007642,,
Central Nervous System Diseases,D002493,C0007682,,
Cerebellar Ataxia,D002524,C0007758,,
Cerebellar Neoplasms,D002528,C0007762,,
Intracranial Aneurysm,D002532,C0007766,,
Intracranial Embolism and Thrombosis,D002542,C0007781,,
Cerebral Infarction,D002544,C0007785,,
Brain Ischemia,D002545,C0007786,,
"Ischemic Attack, Transient",D002546,C0007787,,
Cerebral Palsy,D002547,C0007789,,
Cerebrovascular Disorders,D002561,C0007820,,
Neck Pain,D019547,C0007859,,
Chest Pain,D002637,C0008031,,
Child Behavior Disorders,D002653,C0008066,,
Developmental Disabilities,D002658,C0008073,,
"Child Development Disorders, Pervasive",D002659,C0008074,,
Child Nutrition Disorders,D015362,C0008087,,
Cholangitis,D002761,C0008311,,
"Cholangitis, Sclerosing",D015209,C0008313,,
Cholelithiasis,D002769,C0008350,,
Cholestasis,D002779,C0008370,,
"Cholestasis, Intrahepatic",D002780,C0008372,,
Chorea,D002819,C0008489,,
Chromosome Aberrations,D002869,C0008625,,
"Bronchitis, Chronic",D029481,C0008677,,
Churg-Strauss Syndrome,D015267,C0008728,,
Cleft Lip,D002971,C0008924,,
Cleft Palate,D002972,C0008925,,
Cluster Headache,D003027,C0009088,,
Cognition Disorders,D003072,C0009241,,
Colitis,D003092,C0009319,,
"Colitis, Ulcerative",D003093,C0009324,,
"Colonic Diseases, Functional",D003109,C0009374,,
Colonic Neoplasms,D003110,C0009375,,
Colorectal Neoplasms,D015179,C0009404,,
Coma,D003128,C0009421,,
Confusion,D003221,C0009676,,
Conjunctivitis,D003231,C0009763,,
"Conjunctivitis, Allergic",D003233,C0009766,,
Consciousness Disorders,D003244,C0009792,,
Constipation,D003248,C0009806,,
"Seizures, Febrile",D003294,C0009952,,
Corneal Diseases,D003316,C0010034,,
Coronary Aneurysm,D003323,C0010051,,
Coronary Disease,D003327,C0010068,,
Coronary Thrombosis,D003328,C0010072,,
Coronary Vasospasm,D003329,C0010073,,
Cough,D003371,C0010200,,
Coxsackievirus Infections,D003384,C0010246,,
Cranial Nerve Diseases,D003389,C0010266,,
Crohn Disease,D003424,C0010346,,
Croup,D003440,C0010380,,
Cryptorchidism,D003456,C0010417,,
Cushing Syndrome,D003480,C0010481,,
Cystic Fibrosis,D003550,C0010674,,
Cysticercosis,D003551,C0010678,,
Cystitis,D003556,C0010692,,
"Hearing Loss, Sudden",D003639,C0011057,,
Decompression Sickness,D003665,C0011119,,
Deglutition Disorders,D003680,C0011168,,
Delirium,D003693,C0011206,,
"Dementia, Multi-Infarct",D015161,C0011263,,
"Dementia, Vascular",D015140,C0011269,,
Demyelinating Diseases,D003711,C0011303,,
Depressive Disorder,D003866,C0011581,,
Dermatitis,D003872,C0011603,,
Drug Eruptions,D003875,C0011609,,
"Dermatitis, Atopic",D003876,C0011615,,
"Dermatitis, Contact",D003877,C0011616,,
Dermatomyositis,D003882,C0011633,,
Diabetes Insipidus,D003919,C0011848,,
Diabetes Mellitus,D003920,C0011849,,
"Diabetes Mellitus, Experimental",D003921,C0011853,,
"Diabetes Mellitus, Type 1",D003922,C0011854,,
"Diabetes Mellitus, Lipoatrophic",D003923,C0011859,,
"Diabetes Mellitus, Type 2",D003924,C0011860,,
Diabetic Angiopathies,D003925,C0011875,,
Diabetic Ketoacidosis,D016883,C0011880,,
Diabetic Nephropathies,D003928,C0011881,,
Diabetic Neuropathies,D003929,C0011882,,
Diabetic Retinopathy,D003930,C0011884,,
Diarrhea,D003967,C0011991,,
Digestive System Diseases,D004066,C0012242,,
"Disease Models, Animal",D004195,C0012644,,
Disseminated Intravascular Coagulation,D004211,C0012739,,
Dizziness,D004244,C0012833,,
Dog Diseases,D004283,C0012979,,
Drug Hypersensitivity,D004342,C0013182,,
"Muscular Dystrophy, Duchenne",D020388,C0013264,,
"Ductus Arteriosus, Patent",D004374,C0013274,,
Duodenal Ulcer,D004381,C0013295,,
Dupuytren Contracture,D004387,C0013312,,
Dysarthria,D004401,C0013362,,
Dyskinesias,D020820,C0013384,,
"Dyskinesia, Drug-Induced",D004409,C0013386,,
Dysmenorrhea,D004412,C0013390,,
Dyspepsia,D004415,C0013395,,
Dyspnea,D004417,C0013404,,
Dystonia,D004421,C0013421,,
Dysuria,D053159,C0013428,,
Ear Neoplasms,D004428,C0013449,,
Eating Disorders,D001068,C0013473,,
Echinococcosis,D004443,C0013502,,
Eclampsia,D004461,C0013537,,
Eczema,D004485,C0013595,,
Edema,D004487,C0013604,,
Embolism,D004617,C0013922,,
Emphysema,D004646,C0013990,,
"Encephalomyelitis, Acute Disseminated",D004673,C0014059,,
"Encephalomyelitis, Autoimmune, Experimental",D004681,C0014072,,
"Endocarditis, Bacterial",D004697,C0014121,,
Endometrial Neoplasms,D016889,C0014170,,
Endometrial Hyperplasia,D004714,C0014173,,
Endometriosis,D004715,C0014175,,
Enteritis,D004751,C0014335,,
Enuresis,D004775,C0014394,,
Eosinophilia,D004802,C0014457,,
Ependymoma,D004806,C0014474,,
Epilepsy,D004827,C0014544,,
"Epilepsies, Partial",D004828,C0014547,,
"Epilepsy, Generalized",D004829,C0014548,,
"Epilepsy, Tonic-Clonic",D004830,C0014549,,
"Epilepsies, Myoclonic",D004831,C0014550,,
"Epilepsy, Absence",D004832,C0014553,,
"Epilepsy, Temporal Lobe",D004833,C0014556,,
Ergotism,D004881,C0014714,,
Erythema Multiforme,D004892,C0014742,,
Erythromelalgia,D004916,C0014804,,
Esophageal and Gastric Varices,D004932,C0014849,,
Esophagitis,D004941,C0014868,,
"Esophagitis, Peptic",D004942,C0014869,,
Exanthema,D005076,C0015230,,
Extravasation of Diagnostic and Therapeutic Materials,D005119,C0015379,,
Eye Injuries,D005131,C0015408,,
Eyelid Diseases,D005141,C0015423,,
Eyelid Neoplasms,D005142,C0015424,,
Facial Nerve Diseases,D005155,C0015464,,
Facial Neuralgia,D005156,C0015467,,
Fanconi Syndrome,D005198,C0015624,,
Fanconi Anemia,D005199,C0015625,,
Fasciculation,D005207,C0015644,,
Fatigue,D005221,C0015672,,
Fatty Liver,D005234,C0015695,,
"Fatty Liver, Alcoholic",D005235,C0015696,,
Fetal Death,D005313,C0015927,,
Fetal Diseases,D005315,C0015929,,
Fetal Distress,D005316,C0015930,,
Fetishism (Psychiatric),D005329,C0015957,,
Fever,D005334,C0015967,,
Fibromyalgia,D005356,C0016053,,
Fibrosarcoma,D005354,C0016057,,
Fibrosis,D005355,C0016059,,
Finger Injuries,D005383,C0016124,,
Flatulence,D005414,C0016204,,
Folliculitis,D005499,C0016436,,
Food Hypersensitivity,D005512,C0016470,,
Foot Dermatoses,D005533,C0016509,,
"Fractures, Closed",D005596,C0016659,,
Friedreich Ataxia,D005621,C0016719,,
Gallbladder Diseases,D005705,C0016977,,
Gas Poisoning,D005739,C0017107,,
Gastritis,D005756,C0017152,,
Gastroenteritis,D005759,C0017160,,
Gastroesophageal Reflux,D005764,C0017168,,
Gastrointestinal Diseases,D005767,C0017178,,
Gastrointestinal Hemorrhage,D006471,C0017181,,
Gastrointestinal Neoplasms,D005770,C0017185,,
Gaucher Disease,D005776,C0017205,,
"Genital Diseases, Male",D005832,C0017412,,
Giant Lymph Node Hyperplasia,D005871,C0017531,,
Glaucoma,D005901,C0017601,,
"Glaucoma, Angle-Closure",D015812,C0017605,,
"Glaucoma, Open-Angle",D005902,C0017612,,
Glioblastoma,D005909,C0017636,,
Glioma,D005910,C0017638,,
Glomerulonephritis,D005921,C0017658,,
"Glomerulonephritis, IGA",D005922,C0017661,,
"Glomerulonephritis, Membranoproliferative",D015432,C0017662,,
"Glomerulonephritis, Membranous",D015433,C0017665,,
"Glomerulosclerosis, Focal Segmental",D005923,C0017668,,
Glycogen Storage Disease,D006008,C0017919,,
Glycosuria,D006029,C0017979,,
Goiter,D006042,C0018021,,
"Goiter, Nodular",D006044,C0018023,,
Gonadal Dysgenesis,D006059,C0018051,,
Gout,D006073,C0018099,,
"Graft Occlusion, Vascular",D006083,C0018128,,
Graft vs Host Disease,D006086,C0018133,,
Granuloma,D006099,C0018188,,
"Granuloma, Laryngeal",D006102,C0018196,,
Graves Disease,D006111,C0018213,,
Growth Disorders,D006130,C0018273,,
Gynecomastia,D006177,C0018418,,
Hair Diseases,D006201,C0018500,,
Hallucinations,D006212,C0018524,,
Hand Dermatoses,D006229,C0018567,,
"Rhinitis, Allergic, Seasonal",D006255,C0018621,,
Head and Neck Neoplasms,D006258,C0018671,,
Craniocerebral Trauma,D006259,C0018674,,
Headache,D006261,C0018681,,
"Hearing Loss, Bilateral",D006312,C0018775,,
"Hearing Loss, Sensorineural",D006319,C0018784,,
Heart Arrest,D006323,C0018790,,
Heart Block,D006327,C0018794,,
"Heart Defects, Congenital",D006330,C0018798,,
Heart Diseases,D006331,C0018799,,
Cardiomegaly,D006332,C0018800,,
Heart Failure,D006333,C0018801,,
Heart Valve Diseases,D006349,C0018824,,
Hemangioma,D006391,C0018916,,
"Hemangioma, Cavernous",D006392,C0018920,,
Hematologic Diseases,D006402,C0018939,,
Hematoma,D006406,C0018944,,
Hematuria,D006417,C0018965,,
Hemianopsia,D006423,C0018979,,
"Hemoglobinuria, Paroxysmal",D006457,C0019050,,
Hemolytic-Uremic Syndrome,D006463,C0019061,,
Hemophilia A,D006467,C0019069,,
Hemorrhage,D006470,C0019080,,
Hemorrhagic Disorders,D006474,C0019087,,
Hepatic Encephalopathy,D006501,C0019151,,
Hepatitis,D006505,C0019158,,
"Hepatitis, Animal",D006520,C0019188,,
"Hepatitis, Chronic",D006521,C0019189,,
Hepatitis C,D006526,C0019196,,
Hepatolenticular Degeneration,D006527,C0019202,,
Hepatomegaly,D006529,C0019209,,
"Angioedemas, Hereditary",D054179,C0019243,,
"Hernia, Diaphragmatic",D006548,C0019284,,
Heroin Dependence,D006556,C0019337,,
Herpes Genitalis,D006558,C0019342,,
Herpes Simplex,D006561,C0019348,,
Herpes Zoster,D006562,C0019360,,
Hiccup,D006606,C0019521,,
Hirsutism,D006628,C0019572,,
"Histiocytosis, Langerhans-Cell",D006646,C0019621,,
HIV Infections,D015658,C0019693,,
Hodgkin Disease,D006689,C0019829,,
Huntington Disease,D006816,C0020179,,
Hydrocephalus,D006849,C0020255,,
Hyperaldosteronism,D006929,C0020428,,
Hyperalgesia,D006930,C0020429,,
Hypercalcemia,D006934,C0020437,,
Hypercalciuria,D053565,C0020438,,
Hypercholesterolemia,D006937,C0020443,,
Hyperlipoproteinemia Type II,D006938,C0020445,,
Hyperemesis Gravidarum,D006939,C0020450,,
Hyperemia,D006940,C0020452,,
Hyperglycemia,D006943,C0020456,,
Hyperhidrosis,D006945,C0020458,,
Hyperinsulinism,D006946,C0020459,,
Hyperkalemia,D006947,C0020461,,
Hyperlipidemias,D006949,C0020473,,
"Hyperlipidemia, Familial Combined",D006950,C0020474,,
Hyperlipoproteinemias,D006951,C0020476,,
Hyperlipoproteinemia Type IV,D006953,C0020480,,
Hyperlipoproteinemia Type V,D006954,C0020481,,
Hyperparathyroidism,D006961,C0020502,,
"Hyperparathyroidism, Secondary",D006962,C0020503,,
Hyperplasia,D006965,C0020507,,
Hyperprolactinemia,D006966,C0020514,,
Hypersensitivity,D006967,C0020517,,
Disorders of Excessive Somnolence,D006970,C0020524,,
Hypertension,D006973,C0020538,,
"Hypertension, Malignant",D006974,C0020540,,
"Hypertension, Portal",D006975,C0020541,,
"Hypertension, Pulmonary",D006976,C0020542,,
"Hypertension, Renal",D006977,C0020544,,
"Hypertension, Renovascular",D006978,C0020545,,
Hyperthyroidism,D006980,C0020550,,
Hypertriglyceridemia,D015228,C0020557,,
Hypertrophy,D006984,C0020564,,
Hypervitaminosis A,D006986,C0020579,,
Hyphema,D006988,C0020581,,
Hypocalcemia,D006996,C0020598,,
Hypochondriasis,D006998,C0020604,,
Hypoglycemia,D007003,C0020615,,
Hypogonadism,D007006,C0020619,,
Hypokalemia,D007008,C0020621,,
Hypolipoproteinemias,D007009,C0020623,,
Hyponatremia,D007010,C0020625,,
Hypoparathyroidism,D007011,C0020626,,
Hypopituitarism,D007018,C0020635,,
Hypoproteinemia,D007019,C0020639,,
Hypotension,D007022,C0020649,,
"Hypotension, Orthostatic",D007024,C0020651,,
Hypothermia,D007035,C0020672,,
Hypothyroidism,D007037,C0020676,,
Ichthyosis,D007057,C0020757,,
Immune Complex Diseases,D007105,C0020951,,
Immune System Diseases,D007154,C0021053,,
Impulse Control Disorders,D007174,C0021122,,
Inappropriate ADH Syndrome,D007177,C0021141,,
"Infant, Newborn, Diseases",D007232,C0021290,,
"Infant, Premature, Diseases",D007235,C0021295,,
Infection,D007239,C0021311,,
"Infertility, Female",D007247,C0021361,,
"Infertility, Male",D007248,C0021364,,
Inflammation,D007249,C0021368,,
Inflammatory Bowel Diseases,D015212,C0021390,,
Insect Bites and Stings,D007299,C0021568,,
Sleep Initiation and Maintenance Disorders,D007319,C0021603,,
Insulin Resistance,D007333,C0021655,,
Intermittent Claudication,D007383,C0021775,,
Intestinal Diseases,D007410,C0021831,,
Intestinal Neoplasms,D007414,C0021841,,
Intraoperative Complications,D007431,C0021890,,
Iridocyclitis,D015863,C0022073,,
Ischemia,D007511,C0022116,,
Jaundice,D007565,C0022346,,
"Jaundice, Neonatal",D007567,C0022353,,
"Jaundice, Obstructive",D041781,C0022354,,
Job Syndrome,D007589,C0022398,,
Keratitis,D007634,C0022568,,
"Keratosis, Actinic",D055623,C0022602,,
"Keratosis, Seborrheic",D017492,C0022603,,
Kidney Calculi,D007669,C0022650,,
Kidney Diseases,D007674,C0022658,,
"Kidney Failure, Chronic",D007676,C0022661,,
Kidney Neoplasms,D007680,C0022665,,
Kidney Papillary Necrosis,D007681,C0022667,,
"Kidney Tubular Necrosis, Acute",D007683,C0022672,,
Polycystic Kidney Diseases,D007690,C0022680,,
Obstetric Labor Complications,D007744,C0022865,,
"Obstetric Labor, Premature",D007752,C0022876,,
Lactation Disorders,D007775,C0022927,,
Laryngeal Edema,D007819,C0023052,,
Laryngismus,D007826,C0023066,,
Laryngostenosis,D007829,C0023075,,
Learning Disorders,D007859,C0023186,,
Leg Ulcer,D007871,C0023223,,
Leiomyoma,D007889,C0023267,,
"Leishmaniasis, Cutaneous",D016773,C0023283,,
"Leishmaniasis, Visceral",D007898,C0023290,,
Leprosy,D007918,C0023343,,
"Leprosy, Lepromatous",D015440,C0023348,,
Lethargy,D053609,C0023380,,
Leukemia,D007938,C0023418,,
"Leukemia, Lymphocytic, Chronic, B-Cell",D015451,C0023434,,
"Leukemia, Erythroblastic, Acute",D004915,C0023440,,
"Leukemia, Experimental",D007942,C0023441,,
"Leukemia, Hairy Cell",D007943,C0023443,,
"Leukemia, Lymphoid",D007945,C0023448,,
"Leukemia, Myeloid, Acute",D015470,C0023467,,
"Leukemia, Myeloid",D007951,C0023470,,
"Leukemia, Myelogenous, Chronic, BCR-ABL Positive",D015464,C0023473,,
"Leukemia, Myelomonocytic, Chronic",D015477,C0023480,,
"Leukemia, Plasma Cell",D007952,C0023484,,
Precursor B-Cell Lymphoblastic Leukemia-Lymphoma,D015452,C0023485,,
"Leukemia, Promyelocytic, Acute",D015473,C0023487,,
Leukocyte Disorders,D007960,C0023510,,
"Leukomalacia, Periventricular",D007969,C0023529,,
Leukopenia,D007970,C0023530,,
Lichen Planus,D008010,C0023646,,
Liposarcoma,D008080,C0023827,,
Liver Cirrhosis,D008103,C0023890,,
"Liver Cirrhosis, Biliary",D008105,C0023892,,
"Liver Cirrhosis, Experimental",D008106,C0023893,,
Liver Diseases,D008107,C0023895,,
"Liver Diseases, Alcoholic",D008108,C0023896,,
Liver Neoplasms,D008113,C0023903,,
"Liver Neoplasms, Experimental",D008114,C0023904,,
Long QT Syndrome,D008133,C0023976,,
Low Back Pain,D017116,C0024031,,
Lung Diseases,D008171,C0024115,,
"Pulmonary Disease, Chronic Obstructive",D029424,C0024117,,
Lung Neoplasms,D008175,C0024121,,
"Lupus Erythematosus, Cutaneous",D008178,C0024137,,
"Lupus Erythematosus, Discoid",D008179,C0024138,,
"Lupus Erythematosus, Systemic",D008180,C0024141,,
Lupus Nephritis,D008181,C0024143,,
Lymphangioma,D008202,C0024221,,
Lymphatic Diseases,D008206,C0024228,,
Lymphoma,D008223,C0024299,,
"Lymphoma, Non-Hodgkin",D008228,C0024305,,
Waldenstrom Macroglobulinemia,D008258,C0024419,,
Magnesium Deficiency,D008275,C0024473,,
Malaria,D008288,C0024530,,
"Malaria, Falciparum",D016778,C0024535,,
Malignant Hyperthermia,D008305,C0024591,,
"Mammary Neoplasms, Animal",D015674,C0024667,,
"Mammary Neoplasms, Experimental",D008325,C0024668,,
Marfan Syndrome,D008382,C0024796,,
Meconium Aspiration Syndrome,D008471,C0025048,,
Medulloblastoma,D008527,C0025149,,
Meige Syndrome,D008538,C0025183,,
Melanoma,D008545,C0025202,,
"Melanoma, Experimental",D008546,C0025205,,
Memory Disorders,D008569,C0025261,,
Meniere Disease,D008575,C0025281,,
Meningeal Neoplasms,D008577,C0025284,,
Meningioma,D008579,C0025286,,
"Meningitis, Aseptic",D008582,C0025290,,
"Meningitis, Pneumococcal",D008586,C0025295,,
Meningoencephalitis,D008590,C0025309,,
Menorrhagia,D008595,C0025323,,
Menstruation Disturbances,D008599,C0025345,,
Intellectual Disability,D008607,C0025362,,
Mercury Poisoning,D008630,C0025427,,
Mesothelioma,D008654,C0025500,,
Metaplasia,D008679,C0025568,,
Methemoglobinemia,D008708,C0025637,,
Metrorrhagia,D008796,C0025874,,
Miosis,D015877,C0026205,,
Mitral Valve Insufficiency,D008944,C0026266,,
Mixed Connective Tissue Disease,D008947,C0026272,,
Morphine Dependence,D009021,C0026552,,
Motion Sickness,D009041,C0026603,,
Mouth Neoplasms,D009062,C0026640,,
Movement Disorders,D009069,C0026650,,
Moyamoya Disease,D009072,C0026654,,
Mucocele,D009078,C0026683,,
Mucocutaneous Lymph Node Syndrome,D009080,C0026691,,
Mucopolysaccharidosis III,D009084,C0026706,,
Multiple Myeloma,D009101,C0026764,,
Multiple Sclerosis,D009103,C0026769,,
Muscle Cramp,D009120,C0026821,,
Muscle Hypertonia,D009122,C0026826,,
Muscle Hypotonia,D009123,C0026827,,
Muscle Rigidity,D009127,C0026837,,
Muscle Spasticity,D009128,C0026838,,
Muscular Atrophy,D009133,C0026846,,
Muscular Diseases,D009135,C0026848,,
"Muscular Dystrophy, Animal",D009137,C0026851,,
Musculoskeletal Diseases,D009140,C0026857,,
Myasthenia Gravis,D009157,C0026896,,
Mycoplasma Infections,D009175,C0026936,,
Mycoses,D009181,C0026946,,
Mycosis Fungoides,D009182,C0026948,,
Mydriasis,D015878,C0026961,,
Myelodysplastic Syndromes,D009190,C0026986,,
Myocardial Infarction,D009203,C0027051,,
Myocardial Reperfusion Injury,D015428,C0027055,,
Myocarditis,D009205,C0027059,,
Myoclonus,D009207,C0027066,,
Myofascial Pain Syndromes,D009209,C0027073,,
Myoglobinuria,D009212,C0027080,,
Myoma,D009214,C0027086,,
Myopia,D009216,C0027092,,
Myositis,D009220,C0027121,,
Myotonia,D009222,C0027125,,
Myotonic Dystrophy,D009223,C0027126,,
Myotonia Congenita,D009224,C0027127,,
Myxedema,D009230,C0027145,,
Myxoma,D009232,C0027149,,
"Nails, Malformed",D009264,C0027344,,
Narcolepsy,D009290,C0027404,,
Opioid-Related Disorders,D009293,C0027412,,
Nasal Obstruction,D015508,C0027429,,
Nasal Polyps,D009298,C0027430,,
Nausea,D009325,C0027497,,
Necrosis,D009336,C0027540,,
Nelson Syndrome,D009347,C0027577,,
Neonatal Abstinence Syndrome,D009357,C0027609,,
Neoplasm Invasiveness,D009361,C0027626,,
Neoplasm Metastasis,D009362,C0027627,,
"Neoplasm Recurrence, Local",D009364,C0027643,,
Neoplasms,D009369,C0027651,,
"Neoplasms, Germ Cell and Embryonal",D009373,C0027658,,
"Neoplasms, Experimental",D009374,C0027659,,
"Neoplasms, Hormone-Dependent",D009376,C0027661,,
Multiple Endocrine Neoplasia,D009377,C0027662,,
"Neovascularization, Pathologic",D009389,C0027686,,
Nephritis,D009393,C0027697,,
"Nephritis, Interstitial",D009395,C0027707,,
Nephrocalcinosis,D009397,C0027709,,
Nephrosclerosis,D009400,C0027719,,
Nephrosis,D009401,C0027720,,
"Nephrosis, Lipoid",D009402,C0027721,,
Nephrotic Syndrome,D009404,C0027726,,
Nerve Compression Syndromes,D009408,C0027743,,
Nerve Degeneration,D009410,C0027746,,
Nervous System Diseases,D009422,C0027765,,
Nesidioblastosis,D046768,C0027773,,
Neural Tube Defects,D009436,C0027794,,
Neuralgia,D009437,C0027796,,
Neurasthenia,D009440,C0027804,,
Neuroblastoma,D009447,C0027819,,
Neuroleptic Malignant Syndrome,D009459,C0027849,,
Neurologic Manifestations,D009461,C0027854,,
Neuromyelitis Optica,D009471,C0027873,,
Neurotic Disorders,D009497,C0027932,,
Neutropenia,D009503,C0027947,,
Night Blindness,D009755,C0028077,,
Nocturia,D053158,C0028734,,
"Nystagmus, Pathologic",D009759,C0028738,,
Obesity,D009765,C0028754,,
Obsessive-Compulsive Disorder,D009771,C0028768,,
Ocular Hypertension,D009798,C0028840,,
Ocular Hypotension,D015814,C0028841,,
Ocular Motility Disorders,D015835,C0028850,,
Oligomenorrhea,D009839,C0028949,,
Oliguria,D009846,C0028961,,
Ophthalmoplegia,D009886,C0029089,,
Optic Neuritis,D009902,C0029134,,
"Ossification, Heterotopic",D009999,C0029396,,
Osteoarthritis,D010003,C0029408,,
Osteochondrodysplasias,D010009,C0029422,,
Osteolysis,D010014,C0029435,,
Osteomalacia,D010018,C0029442,,
Osteoporosis,D010024,C0029456,,
"Osteoporosis, Postmenopausal",D015663,C0029458,,
Osteosarcoma,D012516,C0029463,,
Osteosclerosis,D010026,C0029464,,
Otitis Media,D010033,C0029882,,
Drug Overdose,D062787,C0029944,,
Pain,D010146,C0030193,,
"Pain, Intractable",D010148,C0030200,,
"Pain, Postoperative",D010149,C0030201,,
Pancreatic Diseases,D010182,C0030286,,
Pancreatic Neoplasms,D010190,C0030297,,
Pancreatitis,D010195,C0030305,,
Pancytopenia,D010198,C0030312,,
Panic Disorder,D016584,C0030319,,
"Panniculitis, Lupus Erythematosus",D015435,C0030327,,
"Panniculitis, Peritoneal",D015436,C0030330,,
Panuveitis,D015864,C0030343,,
Papilledema,D010211,C0030353,,
Papillon-Lefevre Disease,D010214,C0030360,,
Paraganglioma,D010235,C0030421,,
"Paraparesis, Tropical Spastic",D015493,C0030481,,
Paraphilias,D010262,C0030482,,
Paraplegia,D010264,C0030486,,
Paraproteinemias,D010265,C0030489,,
Parasomnias,D020447,C0030508,,
Paresis,D010291,C0030552,,
Paresthesia,D010292,C0030554,,
Parkinson Disease,D010300,C0030567,,
"Parkinson Disease, Secondary",D010302,C0030569,,
Pedophilia,D010378,C0030764,,
Pelvic Pain,D017699,C0030794,,
"Pemphigoid, Benign Mucous Membrane",D010390,C0030804,,
"Pemphigoid, Bullous",D010391,C0030805,,
Pemphigus,D010392,C0030807,,
Penile Diseases,D010409,C0030846,,
Penile Induration,D010411,C0030848,,
Peptic Ulcer,D010437,C0030920,,
Peptic Ulcer Perforation,D010439,C0030925,,
Polyarteritis Nodosa,D010488,C0031036,,
Pericarditis,D010493,C0031046,,
Periodontitis,D010518,C0031099,,
Aggressive Periodontitis,D010520,C0031106,,
Peripheral Nervous System Diseases,D010523,C0031117,,
Peritonitis,D010538,C0031154,,
Persistent Fetal Circulation Syndrome,D010547,C0031190,,
Personality Disorders,D010554,C0031212,,
Pheochromocytoma,D010673,C0031511,,
Phlebitis,D010689,C0031542,,
Phosphorus Metabolism Disorders,D010760,C0031707,,
Pica,D010842,C0031873,,
Pituitary Apoplexy,D010899,C0032001,,
Pituitary Diseases,D010900,C0032002,,
Pituitary Neoplasms,D010911,C0032019,,
Plasmacytoma,D010954,C0032131,,
Pleural Effusion,D010996,C0032227,,
Pleural Neoplasms,D010997,C0032229,,
Pleurisy,D010998,C0032231,,
Pneumonia,D011014,C0032285,,
"Pneumonia, Pneumocystis",D011020,C0032305,,
Poisoning,D011041,C0032343,,
Polycystic Ovary Syndrome,D011085,C0032460,,
Polycythemia,D011086,C0032461,,
Polycythemia Vera,D011087,C0032463,,
Polyploidy,D011123,C0032578,,
Polyradiculopathy,D011128,C0032586,,
Polyuria,D011141,C0032617,,
Porphyrias,D011164,C0032708,,
"Neuralgia, Postherpetic",D051474,C0032768,,
Postoperative Complications,D011183,C0032787,,
Postpartum Hemorrhage,D006473,C0032797,,
Pre-Eclampsia,D011225,C0032914,,
Pre-Excitation Syndromes,D011226,C0032915,,
Precancerous Conditions,D011230,C0032927,,
Pregnancy Complications,D011248,C0032962,,
"Pregnancy Complications, Cardiovascular",D011249,C0032963,,
"Pregnancy Complications, Infectious",D011251,C0032965,,
"Pregnancy, Prolonged",D011273,C0032993,,
Atrial Premature Complexes,D018880,C0033036,,
Prenatal Exposure Delayed Effects,D011297,C0033054,,
Priapism,D011317,C0033117,,
Prolactinoma,D015175,C0033375,,
Prostatic Neoplasms,D011471,C0033578,,
Proteinuria,D011507,C0033687,,
Prurigo,D011536,C0033771,,
Pruritus,D011537,C0033774,,
Pseudohypoaldosteronism,D011546,C0033805,,
Pseudohypoparathyroidism,D011547,C0033806,,
Pseudotumor Cerebri,D011559,C0033845,,
Psoriasis,D011565,C0033860,,
Tension-Type Headache,D018781,C0033893,,
Psychomotor Disorders,D011596,C0033922,,
Psychophysiologic Disorders,D011602,C0033931,,
"Psychoses, Alcoholic",D011604,C0033936,,
"Psychoses, Substance-Induced",D011605,C0033941,,
"Sexual Dysfunctions, Psychological",D020018,C0033953,,
Psychotic Disorders,D011618,C0033975,,
"Puberty, Precocious",D011629,C0034013,,
Puerperal Disorders,D011644,C0034040,,
Pulmonary Edema,D011654,C0034063,,
Pulmonary Embolism,D011655,C0034065,,
Pulmonary Emphysema,D011656,C0034067,,
Pulmonary Eosinophilia,D011657,C0034068,,
Pulmonary Fibrosis,D011658,C0034069,,
"Purpura, Schoenlein-Henoch",D011695,C0034152,,
Pyelonephritis,D011704,C0034186,,
Radiation Injuries,D011832,C0034530,,
Raynaud Disease,D011928,C0034734,,
Hyperacusis,D012001,C0034880,,
Rectal Neoplasms,D012004,C0034885,,
"Red-Cell Aplasia, Pure",D012010,C0034902,,
Reflex Sympathetic Dystrophy,D012019,C0034931,,
"Reflex, Abnormal",D012021,C0034933,,
Renal Artery Obstruction,D012078,C0035066,,
Renal Osteodystrophy,D012080,C0035086,,
Reperfusion Injury,D015427,C0035126,,
Respiration Disorders,D012120,C0035204,,
"Respiratory Distress Syndrome, Newborn",D012127,C0035220,,
"Respiratory Distress Syndrome, Adult",D012128,C0035222,,
Respiratory Insufficiency,D012131,C0035229,,
Respiratory Sounds,D012135,C0035234,,
Respiratory Tract Infections,D012141,C0035243,,
Restless Legs Syndrome,D012148,C0035258,,
Retinal Artery Occlusion,D015356,C0035302,,
Retinal Vein Occlusion,D012170,C0035328,,
Retinoblastoma,D012175,C0035335,,
Rhabdomyolysis,D012206,C0035410,,
Rhabdomyosarcoma,D012208,C0035412,,
Rheumatic Diseases,D012216,C0035435,,
Rheumatic Fever,D012213,C0035436,,
Rheumatic Heart Disease,D012214,C0035439,,
Rhinitis,D012220,C0035455,,
"Rhinitis, Allergic, Perennial",D012221,C0035457,,
Rickets,D012279,C0035579,,
Rosacea,D012393,C0035854,,
Sarcoidosis,D012507,C0036202,,
"Sarcoma, Kaposi",D012514,C0036220,,
Schizophrenia,D012559,C0036341,,
"Schizophrenia, Catatonic",D012560,C0036344,,
"Schizophrenia, Childhood",D012561,C0036346,,
"Schizophrenia, Disorganized",D012562,C0036347,,
"Schizophrenia, Paranoid",D012563,C0036349,,
Schizotypal Personality Disorder,D012569,C0036363,,
Sciatica,D012585,C0036396,,
Scleritis,D015423,C0036416,,
"Scleroderma, Systemic",D012595,C0036421,,
Sclerosis,D012598,C0036429,,
Seizures,D012640,C0036572,,
Disorders of Sex Development,D012734,C0036875,,
Shock,D012769,C0036974,,
"Shock, Cardiogenic",D012770,C0036980,,
"Shock, Hemorrhagic",D012771,C0036982,,
"Shock, Septic",D012772,C0036983,,
Shoulder Pain,D020069,C0037011,,
Shy-Drager Syndrome,D012791,C0037019,,
Sick Sinus Syndrome,D012804,C0037052,,
Sigmoid Neoplasms,D012811,C0037073,,
"Signs and Symptoms, Digestive",D012817,C0037089,,
"Sinus Thrombosis, Intracranial",D012851,C0037198,,
Sinusitis,D012852,C0037199,,
Sjogren-Larsson Syndrome,D016111,C0037231,,
Skin Abnormalities,D012868,C0037268,,
Skin Neoplasms,D012878,C0037286,,
Skin Ulcer,D012883,C0037299,,
Sleep Deprivation,D012892,C0037316,,
Snoring,D012913,C0037384,,
Spasm,D013035,C0037763,,
"Spasms, Infantile",D013036,C0037769,,
Spinal Cord Compression,D013117,C0037926,,
Spinal Cord Diseases,D013118,C0037928,,
Spinal Cord Injuries,D013119,C0037929,,
"Spondylitis, Ankylosing",D013167,C0038013,,
Staphylococcal Infections,D013203,C0038160,,
Status Asthmaticus,D013224,C0038218,,
Status Epilepticus,D013226,C0038220,,
Stereotypic Movement Disorder,D019956,C0038273,,
Stevens-Johnson Syndrome,D013262,C0038325,,
Stomach Diseases,D013272,C0038354,,
Stomach Neoplasms,D013274,C0038356,,
Stomach Ulcer,D013276,C0038358,,
Stomatitis,D013280,C0038362,,
"Stomatitis, Aphthous",D013281,C0038363,,
"Stress Disorders, Post-Traumatic",D013313,C0038436,,
Stroke,D020521,C0038454,,
Strongyloidiasis,D013322,C0038463,,
Sturge-Weber Syndrome,D013341,C0038505,,
Subarachnoid Hemorrhage,D013345,C0038525,,
Substance Withdrawal Syndrome,D013375,C0038587,,
Syncope,D013575,C0039070,,
Tachycardia,D013610,C0039231,,
"Tachycardia, Atrioventricular Nodal Reentry",D013611,C0039232,,
"Tachycardia, Ectopic Junctional",D013613,C0039235,,
"Tachycardia, Paroxysmal",D013614,C0039236,,
"Tachycardia, Sinus",D013616,C0039239,,
"Tachycardia, Supraventricular",D013617,C0039240,,
Takayasu Arteritis,D013625,C0039263,,
Giant Cell Arteritis,D013700,C0039483,,
Testicular Neoplasms,D013736,C0039590,,
Tetanus,D013742,C0039614,,
Tetralogy of Fallot,D013771,C0039685,,
Thromboangiitis Obliterans,D013919,C0040021,,
"Thrombocythemia, Essential",D013920,C0040028,,
Thrombocytopenia,D013921,C0040034,,
Thromboembolism,D013923,C0040038,,
Thrombophlebitis,D013924,C0040046,,
Thrombosis,D013927,C0040053,,
Thyroid Neoplasms,D013964,C0040136,,
Thyrotoxicosis,D013971,C0040156,,
Tibial Fractures,D013978,C0040185,,
Tic Disorders,D013981,C0040188,,
Tietze's Syndrome,D013991,C0040213,,
Tinnitus,D014012,C0040264,,
Tobacco Use Disorder,D014029,C0040336,,
Tongue Neoplasms,D014062,C0040411,,
Torsades de Pointes,D016171,C0040479,,
Torticollis,D014103,C0040485,,
Tourette Syndrome,D005879,C0040517,,
"Translocation, Genetic",D014178,C0040715,,
Tremor,D014202,C0040822,,
Trigeminal Neuralgia,D014277,C0040997,,
Trismus,D014313,C0041105,,
Tuberculosis,D014376,C0041296,,
"Tuberculosis, Pulmonary",D014397,C0041327,,
Tuberous Sclerosis,D014402,C0041341,,
Ulcer,D014456,C0041582,,
Unconsciousness,D014474,C0041657,,
Erythema,D004890,C0041834,,
Uremia,D014511,C0041948,,
Ureteral Obstruction,D014517,C0041956,,
Urinary Calculi,D014545,C0042018,,
Urinary Incontinence,D014549,C0042024,,
Urination Disorders,D014555,C0042035,,
Urticaria,D014581,C0042109,,
Uterine Hemorrhage,D014592,C0042134,,
Uterine Neoplasms,D014594,C0042138,,
Uveitis,D014605,C0042164,,
"Uveitis, Anterior",D014606,C0042165,,
Uveomeningoencephalitic Syndrome,D014607,C0042170,,
Vaginal Diseases,D014623,C0042251,,
Varicose Veins,D014648,C0042345,,
Vascular Diseases,D014652,C0042373,,
Vascular Headaches,D014653,C0042376,,
Vasculitis,D014657,C0042384,,
"Syncope, Vasovagal",D019462,C0042420,,
Venous Thrombosis,D020246,C0042487,,
Ventricular Fibrillation,D014693,C0042510,,
Ventricular Outflow Obstruction,D014694,C0042512,,
"Tachycardia, Ventricular",D017180,C0042514,,
Vertebrobasilar Insufficiency,D014715,C0042568,,
Vertigo,D014717,C0042571,,
Vision Disorders,D014786,C0042790,,
"Vision, Low",D015354,C0042798,,
Vitamin D Deficiency,D014808,C0042870,,
Vitamin E Deficiency,D014811,C0042875,,
Vitiligo,D014820,C0042900,,
Vomiting,D014839,C0042963,,
Vulvar Neoplasms,D014846,C0042995,,
Warts,D014860,C0043037,,
Wegener Granulomatosis,D014890,C0043092,,
Weight Gain,D015430,C0043094,,
Weight Loss,D015431,C0043096,,
"Purpura, Thrombocytopenic, Idiopathic",D016553,C0043117,,
Wolff-Parkinson-White Syndrome,D014927,C0043202,,
Wounds and Injuries,D014947,C0043251,,
"Wounds, Penetrating",D014950,C0043254,,
Xerostomia,D014987,C0043352,,
"Blood Loss, Surgical",D016063,C0079027,,
"Fibromatosis, Aggressive",D018222,C0079218,,
"Lymphoma, B-Cell",D016393,C0079731,,
"Lymphoma, Large B-Cell, Diffuse",D016403,C0079744,,
"Lymphoma, T-Cell",D016399,C0079772,,
"Lymphoma, T-Cell, Cutaneous",D016410,C0079773,,
"Lymphoma, T-Cell, Peripheral",D016411,C0079774,,
Spinal Fractures,D016103,C0080179,,
Urinary Retention,D016055,C0080274,,
Ovarian Hyperstimulation Syndrome,D016471,C0085083,,
"Lymphoma, AIDS-Related",D016483,C0085090,,
"Head Injuries, Closed",D016489,C0085094,,
Peripheral Vascular Diseases,D016491,C0085096,,
Corneal Neovascularization,D016510,C0085109,,
"Cardiac Output, High",D016534,C0085128,,
Bronchial Hyperreactivity,D016535,C0085129,,
Central Nervous System Neoplasms,D016543,C0085136,,
Eosinophilia-Myalgia Syndrome,D016603,C0085179,,
Orbital Pseudotumor,D016727,C0085270,,
Antiphospholipid Syndrome,D016736,C0085278,,
"Death, Sudden, Cardiac",D016757,C0085298,,
Embolism and Thrombosis,D016769,C0085307,,
"Toxoplasmosis, Cerebral",D016781,C0085315,,
POEMS Syndrome,D016878,C0085404,,
"Epilepsy, Complex Partial",D017029,C0085417,,
Liver Failure,D017093,C0085605,,
Stupor,D053608,C0085628,,
Psychomotor Agitation,D011595,C0085631,,
Photophobia,D020795,C0085636,,
Synovial Cyst,D013581,C0085648,,
Pyoderma Gangrenosum,D017511,C0085652,,
Polymyositis,D017285,C0085655,,
Hypokinesia,D018476,C0086439,,
Prenatal Injuries,D049188,C0086468,,
Cataract,D002386,C0086543,,
Spinocerebellar Ataxias,D020754,C0087012,,
"Pancreatitis, Chronic",D050500,C0149521,,
Conduct Disorder,D019955,C0149654,,
"Hypertrophy, Left Ventricular",D017379,C0149721,,
Oral Ulcer,D019226,C0149745,,
"Fasciitis, Plantar",D036981,C0149756,,
Amaurosis Fugax,D020757,C0149793,,
Small Cell Lung Carcinoma,D055752,C0149925,,
Migraine Disorders,D008881,C0149931,,
"Urinary Incontinence, Urge",D053202,C0150045,,
"Vasculitis, Leukocytoclastic, Cutaneous",D018366,C0151436,,
Hypertensive Encephalopathy,D020343,C0151620,,
Ventricular Premature Complexes,D018879,C0151636,,
Intracranial Hypertension,D019586,C0151740,,
Myocardial Ischemia,D017202,C0151744,,
Muscle Weakness,D018908,C0151786,,
Coronary Occlusion,D054059,C0151814,,
Adenocarcinoma of lung,C538231,C0152013,,
Gastroparesis,D018589,C0152020,,
Polyneuropathies,D011115,C0152025,,
Low Tension Glaucoma,D057066,C0152136,,
Hypoglossal Nerve Diseases,D020437,C0152181,,
Migraine with Aura,D020325,C0154723,,
"Optic Neuropathy, Ischemic",D018917,C0155305,,
Intervertebral Disc Degeneration,D055959,C0158266,,
Vascular Malformations,D054079,C0158570,,
Carotid Artery Injuries,D020212,C0160680,,
"Diabetes Insipidus, Nephrogenic",D018500,C0162283,,
"Anemia, Iron-Deficiency",D018798,C0162316,,
"Coproporphyria, Hereditary",D046349,C0162531,,
"Porphyrias, Hepatic",D017094,C0162533,,
"Akathisia, Drug-Induced",D017109,C0162550,,
"Liver Failure, Acute",D017114,C0162557,,
Porphyria Cutanea Tarda,D017119,C0162566,,
Skin Diseases,D012871,C0162628,,
Mitochondrial Myopathies,D017240,C0162670,,
MELAS Syndrome,D017241,C0162671,,
"Hypertrophy, Right Ventricular",D017380,C0162770,,
"Skin Diseases, Vascular",D017445,C0162819,,
"Dermatitis, Allergic Contact",D017449,C0162820,,
"Dermatitis, Irritant",D017453,C0162823,,
Porokeratosis,D017499,C0162839,,
"Aortic Aneurysm, Abdominal",D017544,C0162871,,
Acneiform Eruptions,D017486,C0175167,,
Vascular System Injuries,D057772,C0178324,,
"Lung Diseases, Interstitial",D017563,C0206062,,
Parasystole,D017574,C0206068,,
Hyperandrogenism,D017588,C0206081,,
Neuroectodermal Tumors,D017599,C0206093,,
Exfoliation Syndrome,D017889,C0206368,,
"Tuberculosis, Multidrug-Resistant",D018088,C0206526,,
"Carcinoma, Adenosquamous",D018196,C0206623,,
"Fibromatosis, Abdominal",D018221,C0206646,,
Adrenocortical Carcinoma,D018268,C0206686,,
"Carcinoma, Endometrioid",D018269,C0206687,,
Cholangiocarcinoma,D018281,C0206698,,
Nerve Sheath Neoplasms,D018317,C0206727,,
"Neurofibroma, Plexiform",D018318,C0206728,,
"Melanoma, Amelanotic",D018328,C0206735,,
"Limb Deformities, Congenital",D017880,C0206762,,
Meningeal Carcinomatosis,D055756,C0220654,,
"Niemann-Pick Disease, Type C",D052556,C0220756,,
Hyperammonemia,D022124,C0220994,,
Pituitary ACTH Hypersecretion,D047748,C0221406,,
No-Reflow Phenomenon,D054318,C0232347,,
Colic,D003085,C0232488,,
"Amnesia, Anterograde",D020324,C0233795,,
Neurotoxicity Syndromes,D020258,C0235032,,
Nonpuerperal galactorrhea,C537072,C0235660,,
Congenital diaphragmatic hernia,C538080,C0235833,,
Alcohol-Related Disorders,D019973,C0236664,,
Amphetamine-Related Disorders,D019969,C0236733,,
Cocaine-Related Disorders,D019970,C0236736,,
Asperger Syndrome,D020817,C0236792,,
Chronobiology Disorders,D021081,C0236811,,
Attention Deficit and Disruptive Behavior Disorders,D019958,C0236964,,
Substance-Related Disorders,D019966,C0236969,,
Alcohol-Induced Disorders,D020751,C0236970,,
"Sexual Dysfunction, Physiological",D012735,C0237873,,
"Myositis, Inclusion Body",D018979,C0238190,,
Gastrointestinal Stromal Tumors,D046152,C0238198,,
Hypokalemic Periodic Paralysis,D020514,C0238358,,
"Thyroid cancer, papillary",C536915,C0238463,,
Hypoalbuminemia,D034141,C0239981,,
"Hepatitis, Autoimmune",D019693,C0241910,,
Coronary Stenosis,D023921,C0242231,,
Isaacs Syndrome,D020386,C0242287,,
Dyslipidemias,D050171,C0242339,,
Erectile Dysfunction,D007172,C0242350,,
Parkinsonian Disorders,D020734,C0242422,,
Acute Lung Injury,D055371,C0242488,,
"Tachycardia, Reciprocating",D054139,C0242514,,
Azotemia,D053099,C0242528,,
Disease Progression,D018450,C0242656,,
Persistent Vegetative State,D018458,C0242670,,
"Ventricular Dysfunction, Left",D018487,C0242698,,
"Ventricular Dysfunction, Right",D018497,C0242707,,
"Breast Neoplasms, Male",D018567,C0242788,,
Pulmonary Atresia,D018633,C0242855,,
Systemic Inflammatory Response Syndrome,D018746,C0242966,,
Ventricular Dysfunction,D018754,C0242973,,
"Impotence, Vasculogenic",D018783,C0243000,,
Sepsis,D018805,C0243026,,
"Carcinoma, Lewis Lung",D018827,C0243038,,
Hearing Disorders,D006311,C0260662,,
Scleromyxedema,D053718,C0263390,,
"Dermatitis, Perioral",D019557,C0263449,,
"Cholestasis, progressive familial intrahepatic 1",C535933,C0268312,,
Intrahepatic Cholestasis of Pregnancy,C535932,C0268318,,
Alstrom Syndrome,D056769,C0268425,,
succinic semialdehyde dehydrogenase deficiency,C535803,C0268631,,
Nocturnal Enuresis,D053206,C0270327,,
Brain Injuries,D001930,C0270611,,
Leukoencephalopathies,D056784,C0270612,,
Alexander Disease,D038261,C0270726,,
MPTP Poisoning,D020267,C0270730,,
Essential Tremor,D020329,C0270736,,
"Myoclonic Epilepsy, Juvenile",D020190,C0270853,,
"Epilepsy, Reflex",D020195,C0270857,,
Macular Edema,D008269,C0271051,,
Abducens Nerve Diseases,D020434,C0271355,,
"ACTH Deficiency, Isolated",C562707,C0271583,,
Glucose Intolerance,D018149,C0271650,,
"Lipodystrophy, Familial Partial",D052496,C0271694,,
"Hypoglycemia, leucine-induced",C537150,C0271714,,
Antithrombin III Deficiency,D020152,C0272375,,
Lung Injury,D055370,C0273115,,
Tics,D020323,C0278076,,
Hemifacial Spasm,D019569,C0278152,,
Prostatic Intraepithelial Neoplasia,D019048,C0282612,,
Mucositis,D052016,C0333355,,
Atrophy,D001284,C0333641,,
Histiocytic Sarcoma,D054747,C0334663,,
Neurocysticercosis,D020019,C0338437,,
Frontotemporal Dementia,D057180,C0338451,,
Migraine without Aura,D020326,C0338480,,
"Amnesia, Transient Global",D020236,C0338591,,
Graves Ophthalmopathy,D049970,C0339143,,
"Hypertension, Pregnancy-Induced",D046110,C0340274,,
"Cardiac Complexes, Premature",D005117,C0340464,,
Diabetes Complications,D048909,C0342257,,
Apparent mineralocorticoid excess,C537422,C0342488,,
VLCAD deficiency,C536353,C0342784,,
Capillary Leak Syndrome,D019559,C0343084,,
Microscopic Polyangiitis,D055953,C0343192,,
HIV Wasting Syndrome,D019247,C0343755,,
Growth Hormone-Secreting Pituitary Adenoma,D049912,C0346302,,
Phobic Disorders,D010698,C0349231,,
"Epilepsy, Rolandic",D019305,C0376532,,
Endotoxemia,D019446,C0376618,,
Carbon Tetrachloride Poisoning,D002252,C0392622,,
Dystonic Disorders,D020821,C0393593,,
Opsoclonus-Myoclonus Syndrome,D053578,C0393626,,
Thrombophilia,D019851,C0398623,,
Protein C Deficiency,D020151,C0398625,,
"Granulomatosis, Orofacial",D051261,C0399496,,
Non-alcoholic Fatty Liver Disease,C541083,C0400966,,
"Renal Insufficiency, Chronic",D051436,C0403447,,
Asthenozoospermia,D053627,C0403823,,
Amyopathic dermatomyositis,C538250,C0406645,,
Vulvodynia,D056650,C0406670,,
Hyperkinesis,D006948,C0424295,,
Bradycardia,D001919,C0428977,,
Blindness,D001766,C0456909,,
Hypoalphalipoproteinemias,D052456,C0473527,,
Labor Pain,D048949,C0474368,,
"Cerebral Hemorrhage, Traumatic",D020202,C0475072,,
Mononeuropathies,D020422,C0494491,,
Dementia,D003704,C0497327,,
"Enterocolitis, Necrotizing",D020345,C0520459,,
"Sleep Apnea, Obstructive",D020181,C0520679,,
"Sleep Apnea, Central",D020182,C0520680,,
Postoperative Nausea and Vomiting,D020250,C0520909,,
Osteoporotic Fractures,D058866,C0521170,,
Peritoneal Fibrosis,D056627,C0521607,,
"Hearing Loss, Unilateral",D046088,C0521785,,
Paralysis,D010243,C0522224,,
Metabolic Syndrome X,D024821,C0524620,,
Neurodegenerative Diseases,D019636,C0524851,,
"Hepatitis B, Chronic",D019694,C0524909,,
"Hepatitis C, Chronic",D019698,C0524910,,
Schnitzler Syndrome,D019873,C0524988,,
Neurobehavioral Manifestations,D019954,C0525041,,
Mood Disorders,D019964,C0525045,,
Schizophrenia and Disorders with Psychotic Features,D019967,C0525046,,
Rapidly progressive glomerulonephritis with pulmonary hemorrhage,C538458,C0549143,,
Myotonic Disorders,D020967,C0553604,,
"Arthritis, Juvenile",D001171,C0553662,,
Endomyocardial Fibrosis,D004719,C0553980,,
Galactorrhea,D005687,C0554400,,
Alcohol Withdrawal Seizures,D020270,C0586323,,
Hyperhomocysteinemia,D020138,C0598608,,
Hot Flashes,D019584,C0600142,,
"Lung Diseases, Obstructive",D008173,C0600260,,
Neurogenic Inflammation,D020078,C0600467,,
Choroidal Neovascularization,D020256,C0600518,,
Ventricular Remodeling,D020257,C0600519,,
Manganese Poisoning,D020149,C0677050,,
Ovarian epithelial cancer,C538090,C0677886,,
"Neuroectodermal Tumors, Primitive, Peripheral",D018241,C0684337,,
"Diabetes Insipidus, Neurogenic",D020790,C0687720,,
"Angina, Stable",D060050,C0699826,,
Serotonin Syndrome,D020230,C0699828,,
Organophosphate Poisoning,D062025,C0700359,,
Radiculopathy,D011843,C0700594,,
Familial Hypophosphatemic Rickets,D053098,C0733682,,
"Infarction, Middle Cerebral Artery",D020244,C0740392,,
Hyperuricemia,D033461,C0740394,,
Multiple Pulmonary Nodules,D055613,C0748164,,
Mitochondrial Diseases,D028361,C0751651,,
Sleep Bruxism,D020186,C0751771,,
REM Sleep Behavior Disorder,D020187,C0751772,,
Nocturnal Myoclonus Syndrome,D020189,C0751774,,
"Myoclonic Epilepsies, Progressive",D020191,C0751778,,
Unverricht-Lundborg Syndrome,D020194,C0751785,,
"Gait Disorders, Neurologic",D020233,C0751830,,
"Intracranial Hemorrhage, Hypertensive",D020299,C0751891,,
"Vasospasm, Intracranial",D020301,C0751895,,
Brain Infarction,D020520,C0751955,,
"Multiple Sclerosis, Relapsing-Remitting",D020529,C0751967,,
Intracranial Arterial Diseases,D020765,C0752138,,
Intracranial Embolism,D020766,C0752140,,
Intracranial Thrombosis,D020767,C0752143,,
Diffuse Axonal Injury,D020833,C0752219,,
"Hypoxia-Ischemia, Brain",D020925,C0752308,,
Lewy Body Disease,D020961,C0752347,,
Thrombocytosis,D013922,C0836924,,
Sleep Disorders,D012893,C0851578,,
Diabetic Cardiomyopathies,D058065,C0853897,,
Drug-Induced Liver Injury,D056486,C0860207,,
"Hematoma, Epidural, Spinal",D046748,C0877172,,
Cardiomyopathies,D009202,C0878544,,
Sphincter of Oddi Dysfunction,D046628,C0878588,,
Dent Disease,D057973,C0878681,,
"Urinary Bladder, Overactive",D053201,C0878773,,
Ovarian Neoplasms,D010051,C0919267,,
Acute Coronary Syndrome,D054058,C0948089,,
Coronary Restenosis,D023903,C0948480,,
"Anemia, Hypoplastic, Congenital",D029502,C0949116,,
Tauopathies,D024801,C0949664,,
"Arthritis, Experimental",D001169,C0993582,,
"Heart Failure, Systolic",D054143,C1135191,,
HIV-Associated Lipodystrophy Syndrome,D039682,C1136321,,
Brugada Syndrome,D053840,C1142166,,
Autonomic Nervous System Diseases,D001342,C1145628,,
Severe Acute Respiratory Syndrome,D045169,C1175175,,
Glucose Metabolism Disorders,D044882,C1257958,,
Congenital Hyperinsulinism,D044903,C1257959,,
"Constriction, Pathologic",D003251,C1261287,,
Sarcoma,D012509,C1261473,,
SUNCT Syndrome,D050798,C1262087,,
Attention Deficit Disorder with Hyperactivity,D001289,C1263846,,
"Depressive Disorder, Major",D003865,C1269683,,
Postural Orthostatic Tachycardia Syndrome,D054972,C1299624,,
"Leishmaniasis, Mucocutaneous",D007897,C1328252,,
Dyspareunia,D004414,C1384606,,
Hearing Loss,D034381,C1384666,,
Paroxysmal Hemicrania,D051302,C1399352,,
Paranoid Disorders,D010259,C1456784,,
Breast Neoplasms,D001943,C1458155,,
Brain Edema,D001929,C1527311,,
Sjogren's Syndrome,D012859,C1527336,,
"Hypoxia, Brain",D002534,C1527348,,
"Leprosy, Multibacillary",D056006,C1562585,,
"Headache Disorders, Primary",D051270,C1565106,,
Renal Insufficiency,D051437,C1565489,,
Latent Tuberculosis,D055985,C1609538,,
"Kidney Diseases, Cystic",D052177,C1691228,,
Aspermia,D053714,C1704202,,
Peripheral Arterial Disease,D058729,C1704436,,
Episodic ataxia with nystagmus,C535506,C1720416,,
Takotsubo Cardiomyopathy,D054549,C1739395,,
Extensively Drug-Resistant Tuberculosis,D054908,C1827301,,
Neutrophil Chemotactic Response,C563515,C1834174,,
"Hypomagnesemia 2, renal",C537152,C1835171,,
Miyoshi myopathy,C537480,C1850808,,
Cardiomyopathy dilated with Woolly hair and keratoderma,C535581,C1854063,,
Venous Thromboembolism,D054556,C1861172,,
Brachydactyly with hypertension,C537095,C1862170,,
Aberrant Crypt Foci,D058739,C1879526,,
"Sinus Arrest, Cardiac",D054138,C1955864,,
Coronary Artery Disease,D003324,C1956346,,
Precursor T-Cell Lymphoblastic Leukemia-Lymphoma,D054218,C1961099,,
Precursor Cell Lymphoblastic Leukemia-Lymphoma,D054198,C1961102,,
Cicatrix,D002921,C2004491,,
"Carcinoma, Hepatocellular",D006528,C2239176,,
Bulimia Nervosa,D052018,C2267227,,
Acute Kidney Injury,D058186,C2609414,,
Alien Hand Syndrome,D055964,C2717760,,
Anti-Neutrophil Cytoplasmic Antibody-Associated Vasculitis,D056648,C2717865,,
Hereditary Angioedema Types I and II,D056829,C2717905,,
Vasoplegia,D056987,C2717957,,
Recurrence,D012008,C2825055,,
Idiopathic intracranial hypertension with papilledema,C531795,C2930843,,
Bidirectional tachycardia,C535438,C2930902,,
Prinzmetal's variant angina,C536421,C2931193,,
Familial cerebral cavernous malformation,C536610,C2931263,,
Mesenteric vascular disease,C537347,C2931476,,
Acquired angioedema,C538173,C2931758,,
Preeclamptic toxemia,C538543,C2931877,,
"High serum cholesterol, familial",C538646,C2931909,,
"Plaque, Atherosclerotic",D058226,C2936350,,
Neointima,D058426,C2936380,,
Cerebral Hemorrhage,D002543,C2937358,,
Prostatic Hyperplasia,D011470,C2937421,,
Thyroid Hormone Resistance Syndrome,D018382,C2940786,,
Pulmonary arterial hypertension,C536282,C2973725,,
Hypoventilation,D007040,C3203358,,
"Nephrosis, congenital",C535761,C3501848,,